{"cameraMode":{"drawMode":0,"name":"Shaded","section":"Shading Mode"},"sceneLighting":true,"audioPlay":false,"sceneViewState":{"m_AlwaysRefresh":false,"showFog":true,"showSkybox":true,"showFlares":true,"showImageEffects":true,"showParticleSystems":true,"showVisualEffectGraphs":true,"m_FxEnabled":true},"in2DMode":false,"pivot":{"x":11.170001029968262,"y":1.7623164653778077,"z":21.920000076293947},"rotation":{"x":-0.014941460452973843,"y":-0.9727417230606079,"z":0.22201970219612122,"w":-0.06547173857688904},"size":18.33517074584961,"orthographic":true}